videoname,averageintensitycomparision
messi goal_rotated.mp4,0.2516268743113072
rotating fan with light change_rotated.mp4,0.32683150183150184
Tumbbad cut 1.mkv,0.9444444444444444
Tumbbad cut 2.mkv,0.2851878136895814
Tumbbad cut 3.mkv,0.19911831626848692
Tumbbad cut 4.mkv,0.10537996603594219
Tumbbad cut 5.mkv,0.22429394759668378
Tumbbad cut 6.mkv,0.17490968879506136
Tumbbad cut 7.mkv,0.4614653700940364
